domain,dataset_name,model_seed,layer,target,target_dim,aggregate,member_index,status,target_dim_original,target_dim_active,target_dim_constant,target_variance_mean,target_unique_values,ridge_r2,ridge_mae,ridge_rmse,ridge_r2_median,ridge_r2_variance_weighted,ridge_nrmse,ridge_elapsed_seconds,train_samples,validation_samples,test_samples,mlp_r2,mlp_r2_std,mlp_mae,mlp_mae_std,mlp_rmse,mlp_rmse_std,mlp_nrmse,mlp_nrmse_std,mlp_r2_median,mlp_r2_variance_weighted,mlp_epochs,mlp_epochs_std,mlp_num_seeds,mlp_elapsed_seconds,delta_mlp_minus_ridge,probe_elapsed_seconds
go2,Go2JoystickFlatTerrain-direction-expert-v1,2,h1,delta_obs,48,member,0,ok,48,48,0,2.437718629837036,,0.6644995808601379,0.2781950533390045,0.62117243814137,0.7455456852912903,0.8369097709655762,0.544344425201416,0.14394674892537296,6429.0,1525.0,2046.0,0.6423598130544027,0.0007198269989734592,0.28706470131874084,0.0003274632053567833,0.6378154514323792,0.0012186969732170569,0.5626006722450256,0.0003983228020899809,0.7277465363343557,0.8280526995658875,125.33333333333333,3.2998316455372216,3.0,17.858562467154115,-0.022139767805735233,18.002523130038753
go2,Go2JoystickFlatTerrain-direction-expert-v1,2,h1,next_obs,48,member,0,ok,48,48,0,2.699336051940918,,0.8161701560020447,0.2824975550174713,0.6091017232589006,0.8937869071960449,0.855138897895813,0.3673342764377594,0.03841179586015642,6429.0,1525.0,2046.0,0.8143370946248373,0.00047569887657699495,0.27961598833401996,0.001049089464637828,0.5962415748275863,0.001652999747141604,0.3698830008506775,0.0006986916575985154,0.8960482676823934,0.8611901998519897,110.33333333333333,3.2998316455372216,3.0,13.204283793922514,-0.0018330613772074011,13.242702540941536
go2,Go2JoystickFlatTerrain-direction-expert-v1,2,h1,reward,1,member,0,ok,1,1,0,3.708669464685954e-05,9962.0,0.7905988693237305,0.001677503576502204,0.0027543993143468873,0.7905988693237305,0.7905988693237305,1.2972592115402222,0.022187225986272097,6429.0,1525.0,2046.0,0.8643423914909363,0.0042828331004733725,0.0013333351428930957,1.946159342060639e-05,0.002216688802722284,3.519621842436666e-05,0.3682708144187927,0.005847339770580789,0.8643423914909363,0.8643424113591512,78.0,12.027745701779143,3.0,7.71368806483224,0.07374352216720581,7.735879779793322
go2,Go2JoystickFlatTerrain-direction-expert-v1,2,h1,obs_sanity,48,member,0,ok,48,48,0,2.7091972827911377,,0.9734258651733398,0.10077012330293655,0.22017973051079884,0.9769968092441559,0.9812861680984497,0.15582799911499023,0.03042511991225183,6429.0,1525.0,2046.0,0.9846240282058716,0.000246992418453972,0.07679139077663422,0.0005685647619569693,0.17970282991524736,0.001738958024803483,0.12008855243523915,0.0008834758289123423,0.986218124628067,0.9875331322352091,500.0,0.0,3.0,54.9035201780498,0.011198163032531738,54.93395169288851
go2,Go2JoystickFlatTerrain-direction-expert-v1,2,h1,xy_t_sanity,2,member,0,ok,2,2,0,0.359200656414032,,0.9790495038032532,0.05804396793246269,0.07963421526705997,0.9790495038032532,0.9816867709159851,0.14415284991264343,0.01855951501056552,6429.0,1525.0,2046.0,0.9900291164716085,0.0004052276101650686,0.038920383900403976,0.0011622538763100202,0.05479675352539351,0.0022269072531114755,0.09936756889025371,0.0022932510282571554,0.9900291164716085,0.9913144906361898,350.0,9.092121131323903,3.0,33.060940898023546,0.010979612668355343,33.07950586802326
go2,Go2JoystickFlatTerrain-direction-expert-v1,2,h1,xy_tp1,2,member,0,ok,2,2,0,0.3597598671913147,,0.9495232701301575,0.08429184556007385,0.10780816846936633,0.9495232701301575,0.9665058255195618,0.21766066551208496,0.017918321071192622,6429.0,1525.0,2046.0,0.947721799214681,0.0018564691766334023,0.08429075529177983,0.0021093058605764414,0.1097315041642779,0.0031796137647894128,0.22147727509339651,0.0046492851919454434,0.947721799214681,0.9652708967526754,73.33333333333333,6.599663291074444,3.0,6.978250965010375,-0.0018014709154764441,6.996176037937403
go2,Go2JoystickFlatTerrain-direction-expert-v1,2,h1,delta_xy,2,member,0,ok,2,2,0,0.007480118423700333,,0.29781997203826904,0.059195730835199356,0.07288698851232227,0.29781997203826904,0.2975541353225708,0.8379267454147339,0.017382534919306636,6429.0,1525.0,2046.0,0.265535444021225,0.009981016260349796,0.0604939858118693,0.00035759026292657913,0.07455941738995886,0.0005125763288296256,0.8567914366722107,0.0057488842467165,0.265535444021225,0.2649136185646057,46.0,1.632993161855452,3.0,4.382858845870942,-0.03228452801704407,4.400245791999623
go2,Go2JoystickFlatTerrain-direction-expert-v1,2,h1,info_command,3,member,0,ok,3,3,0,0.38030576705932617,,0.9677834510803223,0.06897365301847458,0.11107457299240557,0.9665946960449219,0.9665188789367676,0.17921584844589233,0.017499971901997924,6429.0,1525.0,2046.0,0.9717991948127747,0.0007856045321933757,0.06175563111901283,0.0013666342441301814,0.10475141309159268,0.0017000195021620343,0.16771886746088663,0.0023127284591906707,0.9721605976422628,0.9702145059903463,157.0,16.391054470858997,3.0,15.004868577001616,0.004015743732452393,15.022372371982783
go2,Go2JoystickFlatTerrain-direction-expert-v1,2,h1,info_pert_dir,0,member,0,skipped_constant_target,3,0,3,0.0,,,,,,,,,,,,,,,,,,,,,,,,,,,
go2,Go2JoystickFlatTerrain-direction-expert-v1,2,h1,info_pert_duration,1,member,0,ok,1,1,0,4.717994689941406,8.0,-0.04374492168426514,1.8953193426132202,2.191130649691463,-0.04374492168426514,-0.04374492168426514,1.0200821161270142,0.019945975160226226,6429.0,1525.0,2046.0,-0.06763291358947754,0.012457090192507014,1.9070025285085042,0.009648676753924241,2.2160249554960614,0.012930934923241669,1.0332456827163696,0.006029184904665994,-0.06763291358947754,-0.06763291358947754,33.0,0.816496580927726,3.0,3.251188188092783,-0.023887991905212402,3.2711381299886853
go2,Go2JoystickFlatTerrain-direction-expert-v1,2,h1,info_pert_duration_seconds,1,member,0,ok,1,1,0,0.001892288913950324,1002.0,-0.044645071029663086,0.03732364624738693,0.04347820917860083,-0.044645071029663086,-0.044645071029663086,1.020815134048462,0.019942241022363305,6429.0,1525.0,2046.0,-0.06935671965281169,0.013473192153793096,0.03765820960203806,0.0001835469317540212,0.04398857828584073,0.00027747211296134857,1.034076452255249,0.0065227739160296045,-0.06935671965281169,-0.06935672089457512,33.333333333333336,0.4714045207910317,3.0,3.2854306288063526,-0.024711648623148605,3.3053770228289068
go2,Go2JoystickFlatTerrain-direction-expert-v1,2,h1,info_pert_mag,1,member,0,ok,1,1,0,0.7844262719154358,1002.0,-0.038660407066345215,0.7620421051979065,0.8863231768076983,-0.038660407066345215,-0.038660407066345215,1.0212639570236206,0.019592946162447333,6429.0,1525.0,2046.0,-0.05713021755218506,0.0107258898535416,0.7650465567906698,0.002979342789376781,0.8941574195590244,0.00453268519055298,1.0281550884246826,0.005211947566622118,-0.05713021755218506,-0.05713021755218506,33.0,0.0,3.0,3.2556503140367568,-0.018469810485839844,3.275247311219573
go2,Go2JoystickFlatTerrain-direction-expert-v1,2,h1,info_pert_steps,0,member,0,skipped_constant_target,1,0,1,0.0,1.0,,,,,,,,,,,,,,,,,,,,,,,,,,
go2,Go2JoystickFlatTerrain-direction-expert-v1,2,h1,info_steps_since_last_pert,0,member,0,skipped_constant_target,1,0,1,0.0,1.0,,,,,,,,,,,,,,,,,,,,,,,,,,
go2,Go2JoystickFlatTerrain-direction-expert-v1,2,h1,info_steps_until_next_cmd,1,member,0,ok,1,1,0,58306.84765625,1034.0,-0.04173159599304199,171.45973205566406,225.5790725416478,-0.04173159599304199,-0.04173159599304199,1.0231002569198608,0.019636360928416252,6429.0,1525.0,2046.0,-0.059758504231770836,0.011820592689698366,172.0460662841797,0.07966387217666873,227.51895400859829,1.271397754441257,1.0294296344121296,0.005752578946158258,-0.059758504231770836,-0.0597585029900074,33.666666666666664,0.9428090415820634,3.0,3.3256406020373106,-0.018026908238728843,3.3452808558940887
go2,Go2JoystickFlatTerrain-direction-expert-v1,2,h1,info_steps_until_next_pert,1,member,0,ok,1,1,0,811.9083251953125,101.0,-0.03746306896209717,24.824859619140625,28.892430184611612,-0.03746306896209717,-0.03746306896209717,1.0226081609725952,0.019694766961038113,6429.0,1525.0,2046.0,-0.060070435206095375,0.012916599077508813,24.985393524169922,0.14077522249796057,29.204991057618745,0.17762519479432598,1.0295782089233398,0.0062618843133385935,-0.060070435206095375,-0.06007043396433195,33.0,0.816496580927726,3.0,3.262841197894886,-0.022607366243998207,3.282539983978495
go2,Go2JoystickFlatTerrain-direction-expert-v1,2,h1,info_feet_air_time,4,member,0,ok,4,4,0,33.107887268066406,,0.0796096920967102,4.652469158172607,5.4705253117300625,0.0796096920967102,0.0796096920967102,0.9593697190284729,0.017831650096923113,6429.0,1525.0,2046.0,0.03535335262616476,0.004100414585963716,4.790810426076253,0.0024088946545265527,5.600491738508146,0.011909161225007714,0.9821532766024271,0.0020889410557369797,0.035909950733184814,0.03535335262616476,36.0,0.816496580927726,3.0,3.470928929047659,-0.04425633947054545,3.4887646620627493
go2,Go2JoystickFlatTerrain-direction-expert-v1,2,h1,info_swing_peak,4,member,0,ok,4,4,0,0.00012497117859311402,,0.012541741132736206,0.00617910036817193,0.012386113486077975,0.007708698511123657,0.011441148817539215,0.9936951398849487,0.01753771281801164,6429.0,1525.0,2046.0,0.08313007652759552,0.004617516042631468,0.005969721047828595,5.739440838399217e-05,0.011930161843768073,3.082842518752075e-05,0.9574809869130453,0.0024015073272366564,0.0860755443572998,0.08287611603736877,52.333333333333336,0.4714045207910317,3.0,5.040046878857538,0.07058833539485931,5.057588854804635
go2,Go2JoystickFlatTerrain-direction-expert-v1,2,h1,info_last_act,12,member,0,ok,12,12,0,0.256706565618515,,0.9797239303588867,0.04208413138985634,0.05736650673133628,0.9805111289024353,0.9871596693992615,0.13805921375751495,0.03449039510451257,6429.0,1525.0,2046.0,0.9907898306846619,0.00012578442437158964,0.02532477118074894,0.00018070833978275577,0.03841156273423061,0.00014214026767414667,0.09304403513669968,0.0005794215764328506,0.9905508458614349,0.9942431052525839,500.0,0.0,3.0,47.65911433799192,0.011065900325775146,47.69362219912
go2,Go2JoystickFlatTerrain-direction-expert-v1,2,h1,info_last_last_act,12,member,0,ok,12,12,0,0.25524094700813293,,0.9218451380729675,0.07529261708259583,0.10187089388125735,0.9190674722194672,0.9594173431396484,0.263848215341568,0.03230426483787596,6429.0,1525.0,2046.0,0.9296245773633321,0.0009973810060983248,0.07234386603037517,0.0006171324781819556,0.09832708081886354,0.0006299115571624023,0.2518952836592992,0.0016804484507708785,0.926649659872055,0.9621901512145996,95.0,3.7416573867739413,3.0,9.396413425914943,0.00777943929036462,9.428738029906526
go2,Go2JoystickFlatTerrain-direction-expert-v1,2,h2,delta_obs,48,member,0,ok,48,48,0,2.437718629837036,,0.6924331784248352,0.2598917782306671,0.5694677550369913,0.7804023921489716,0.8629301190376282,0.5152491927146912,0.02377669606357813,6429.0,1525.0,2046.0,0.6507713198661804,0.0010869979767319808,0.28294963637987774,0.0010027700479671553,0.6266018043705355,0.002231107945194573,0.5545338988304138,0.0008884011032678498,0.7382530768712362,0.8340441783269247,115.66666666666667,0.4714045207910317,3.0,13.855266653001308,-0.041661858558654785,13.879055856959894
go2,Go2JoystickFlatTerrain-direction-expert-v1,2,h2,next_obs,48,member,0,ok,48,48,0,2.699336051940918,,0.8129733204841614,0.27432820200920105,0.5732906652484743,0.9021121859550476,0.8716717958450317,0.37387749552726746,0.0343078940641135,6429.0,1525.0,2046.0,0.8055075208346049,0.0009580140037511843,0.2804824113845825,0.0008792602604335167,0.5894141170549091,0.002370932426280496,0.3828645845254262,0.0010950418373062959,0.8990353345870972,0.864349881807963,110.33333333333333,4.496912521077347,3.0,13.295762825058773,-0.007465799649556515,13.330083690118045
go2,Go2JoystickFlatTerrain-direction-expert-v1,2,h2,reward,1,member,0,ok,1,1,0,3.708669464685954e-05,9962.0,0.8878902196884155,0.001208546687848866,0.002015390255297888,0.8878902196884155,0.8878902196884155,1.3009384870529175,0.020172117045149207,6429.0,1525.0,2046.0,0.8774673541386923,0.0012791890689725352,0.0012857978387425344,1.7121647288716504e-05,0.0021069653573294665,1.101402051613778e-05,0.3500418464342753,0.001829829754372493,0.8774673541386923,0.8774673342704773,58.666666666666664,7.93025150224688,3.0,5.820735663874075,-0.01042286554972327,5.840913627995178
go2,Go2JoystickFlatTerrain-direction-expert-v1,2,h2,obs_sanity,48,member,0,ok,48,48,0,2.7091972827911377,,0.9658480286598206,0.09612888097763062,0.19461944641306705,0.9728119969367981,0.9853788614273071,0.17334085702896118,0.03509742603637278,6429.0,1525.0,2046.0,0.9735165238380432,0.00018990465122703976,0.08897299071153005,0.0004977756988679453,0.19744306388769758,0.001669666901029058,0.15514854590098062,0.00039630574123582875,0.9745457371075948,0.9849505027135214,500.0,0.0,3.0,55.71938318386674,0.007668495178222656,55.75448992289603
go2,Go2JoystickFlatTerrain-direction-expert-v1,2,h2,xy_t_sanity,2,member,0,ok,2,2,0,0.359200656414032,,0.9627276659011841,0.07403511554002762,0.10030205953789023,0.9627276659011841,0.9709473252296448,0.19059115648269653,0.019008200149983168,6429.0,1525.0,2046.0,0.9792687694231669,0.0005948845592197838,0.05399371683597565,0.0013476884985331142,0.07691970559068079,0.001560574947300637,0.14279460906982422,0.0020767993851321352,0.9792687594890594,0.9829069574673971,291.6666666666667,46.657141885127174,3.0,27.779647378018126,0.016541103521982792,27.79866408603266
go2,Go2JoystickFlatTerrain-direction-expert-v1,2,h2,xy_tp1,2,member,0,ok,2,2,0,0.3597598671913147,,0.9378038048744202,0.09310509264469147,0.11989453466934478,0.9378038048744202,0.9585747718811035,0.24173504114151,0.01776227611117065,6429.0,1525.0,2046.0,0.9407722552617391,0.0018821963808321107,0.09044749289751053,0.0023130540696447875,0.11701292562939147,0.0034227821346049605,0.2358494997024536,0.004577404433504089,0.9407722453276316,0.9605083266894022,99.33333333333333,0.4714045207910317,3.0,9.503294136142358,0.002968450387318966,9.521061765961349
go2,Go2JoystickFlatTerrain-direction-expert-v1,2,h2,delta_xy,2,member,0,ok,2,2,0,0.007480118423700333,,0.386740118265152,0.05608440935611725,0.06810396709706576,0.386740118265152,0.38672155141830444,0.7831088900566101,0.017544426023960114,6429.0,1525.0,2046.0,0.331648329893748,0.006510546503683597,0.05802924310167631,0.0002333786372010344,0.07111143570122976,0.0003553007216325812,0.8174538215001425,0.003926440852035766,0.331648329893748,0.3313442866007487,43.0,0.816496580927726,3.0,4.122365964110941,-0.055091788371403994,4.1399144099559635
go2,Go2JoystickFlatTerrain-direction-expert-v1,2,h2,info_command,3,member,0,ok,3,3,0,0.38030576705932617,,0.9445883631706238,0.09196879714727402,0.135908100906315,0.9417020082473755,0.9498742818832397,0.23384828865528107,0.017537700943648815,6429.0,1525.0,2046.0,0.9555254975954691,0.0010044473265933083,0.08004538963238399,0.0004754293968102932,0.1269089059405504,0.0013453137213255805,0.21020978192488352,0.002538998471083215,0.9597854812939962,0.956287701924642,156.0,43.36665385600631,3.0,15.01643613097258,0.01093713442484534,15.0339800149668
go2,Go2JoystickFlatTerrain-direction-expert-v1,2,h2,info_pert_dir,0,member,0,skipped_constant_target,3,0,3,0.0,,,,,,,,,,,,,,,,,,,,,,,,,,,
go2,Go2JoystickFlatTerrain-direction-expert-v1,2,h2,info_pert_duration,1,member,0,ok,1,1,0,4.717994689941406,8.0,-0.03242385387420654,1.8931587934494019,2.1792150279332168,-0.03242385387420654,-0.03242385387420654,1.018436074256897,0.02034992608241737,6429.0,1525.0,2046.0,-0.06762659549713135,0.012752524981682603,1.9048187335332234,0.01186335047325788,2.2160164880246547,0.013253308852358838,1.0332417488098145,0.006179491786447626,-0.06762659549713135,-0.06762659549713135,33.666666666666664,0.4714045207910317,3.0,3.343402781058103,-0.035202741622924805,3.3637604860123247
go2,Go2JoystickFlatTerrain-direction-expert-v1,2,h2,info_pert_duration_seconds,1,member,0,ok,1,1,0,0.001892288913950324,1002.0,-0.03288149833679199,0.03729484602808952,0.04323271522956692,-0.03288149833679199,-0.03288149833679199,1.0191155672073364,0.01998711097985506,6429.0,1525.0,2046.0,-0.07097641626993816,0.012828098471882257,0.03767100349068642,0.00021545791896939554,0.04402196455053414,0.0002639599539118376,1.0348612864812214,0.006205183072662384,-0.07097641626993816,-0.07097641626993816,34.0,0.0,3.0,3.3673716350458562,-0.038094917933146163,3.3873647688888013
go2,Go2JoystickFlatTerrain-direction-expert-v1,2,h2,info_pert_mag,1,member,0,ok,1,1,0,0.7844262719154358,1002.0,-0.04861581325531006,0.7614029049873352,0.890560683220263,-0.04861581325531006,-0.04861581325531006,1.0237451791763306,0.019605927169322968,6429.0,1525.0,2046.0,-0.08233972390492757,0.008006201512687473,0.7728855609893799,0.0007571691598958581,0.9047615917385277,0.003342129958755726,1.0403484106063843,0.003842971013646982,-0.08233972390492757,-0.08233972142140071,33.333333333333336,0.4714045207910317,3.0,3.3071093019098043,-0.03372391064961751,3.326719237025827
go2,Go2JoystickFlatTerrain-direction-expert-v1,2,h2,info_pert_steps,0,member,0,skipped_constant_target,1,0,1,0.0,1.0,,,,,,,,,,,,,,,,,,,,,,,,,,
go2,Go2JoystickFlatTerrain-direction-expert-v1,2,h2,info_steps_since_last_pert,0,member,0,skipped_constant_target,1,0,1,0.0,1.0,,,,,,,,,,,,,,,,,,,,,,,,,,
go2,Go2JoystickFlatTerrain-direction-expert-v1,2,h2,info_steps_until_next_cmd,1,member,0,ok,1,1,0,58306.84765625,1034.0,-0.05083167552947998,172.8802490234375,226.56222413776308,-0.05083167552947998,-0.05083167552947998,1.025457739830017,0.02011501300148666,6429.0,1525.0,2046.0,-0.0860069990158081,0.024836858725127177,177.32565307617188,2.8754265022259324,230.30801291970332,2.6233462208478424,1.0420490105946858,0.011869587022442516,-0.0860069990158081,-0.0860069990158081,32.666666666666664,1.247219128924647,3.0,3.238288164138794,-0.035175323486328125,3.2584070400334895
go2,Go2JoystickFlatTerrain-direction-expert-v1,2,h2,info_steps_until_next_pert,1,member,0,ok,1,1,0,811.9083251953125,101.0,-0.03197944164276123,24.809829711914062,28.815971777682382,-0.03197944164276123,-0.03197944164276123,1.022735834121704,0.019865426002070308,6429.0,1525.0,2046.0,-0.060944040616353355,0.01503431406863774,24.901673634847004,0.18627226439235478,29.21683259603363,0.20666078570184798,1.0299956401189168,0.0072854977650809285,-0.060944040616353355,-0.060944038132826485,33.0,0.0,3.0,3.270445238100365,-0.028964598973592125,3.2903145358432084
go2,Go2JoystickFlatTerrain-direction-expert-v1,2,h2,info_feet_air_time,4,member,0,ok,4,4,0,33.107887268066406,,0.07247346639633179,4.686184883117676,5.491692250741612,0.07247346639633179,0.07247346639633179,0.9630817770957947,0.017595776822417974,6429.0,1525.0,2046.0,0.04527676602204641,0.0017693467010010103,4.75194787979126,0.007089330870477187,5.571621226555519,0.0051612625331191155,0.9770932793617249,0.0009064150835904378,0.04454915722211202,0.045276764780282974,37.0,1.4142135623730951,3.0,3.5704866379965097,-0.027196700374285378,3.5880895820446312
go2,Go2JoystickFlatTerrain-direction-expert-v1,2,h2,info_swing_peak,4,member,0,ok,4,4,0,0.00012497117859311402,,0.0492066890001297,0.005934568587690592,0.012154307349283413,0.05100247263908386,0.04809658229351044,0.9750161170959473,0.017338793957605958,6429.0,1525.0,2046.0,0.06516181925932567,0.015119471953891362,0.005952987043807904,9.233748907312163e-06,0.01204872663868327,9.325341835516633e-05,0.9667846361796061,0.007827751932935827,0.06662989656130473,0.06450654193758965,43.666666666666664,2.8674417556808756,3.0,4.210615911055356,0.015955130259195968,4.227959962096065
go2,Go2JoystickFlatTerrain-direction-expert-v1,2,h2,info_last_act,12,member,0,ok,12,12,0,0.256706565618515,,0.9611894488334656,0.05279289558529854,0.07120831044237916,0.9623609185218811,0.9802156686782837,0.18518579006195068,0.03291907696984708,6429.0,1525.0,2046.0,0.9736968874931335,0.0006590957877464309,0.041633193691571556,0.00042458872658076213,0.05956901963386554,0.0004922133904550226,0.15352420508861542,0.0017279664119746977,0.9727994004885355,0.986153761545817,351.6666666666667,8.993825042154693,3.0,34.4289388989564,0.012507438659667969,34.46187468385324
go2,Go2JoystickFlatTerrain-direction-expert-v1,2,h2,info_last_last_act,12,member,0,ok,12,12,0,0.25524094700813293,,0.9244304299354553,0.07351260632276535,0.09864321266712694,0.9261950552463531,0.9619481563568115,0.25786858797073364,0.02946095890365541,6429.0,1525.0,2046.0,0.9245288570721945,0.0007283648266905525,0.07442772388458252,0.00037521455328959656,0.10120739967408827,0.0004297872937651114,0.2604532142480214,0.0008638568917237888,0.9225569566090902,0.9599435329437256,92.33333333333333,7.408703590297623,3.0,9.235767334001139,9.842713673913206e-05,9.265243675094098
go2,Go2JoystickFlatTerrain-direction-expert-v1,2,h3,delta_obs,48,member,0,ok,48,48,0,2.437718629837036,,0.7046744227409363,0.250639408826828,0.5414233547662863,0.7918283641338348,0.8760981559753418,0.5013844966888428,0.036010225070640445,6429.0,1525.0,2046.0,0.6544347604115804,0.0005399441175717415,0.2815256913503011,0.0005162418938548403,0.6213435465118305,0.0016452840904837061,0.5509597261746725,0.00036883323470678715,0.7461209495862325,0.8368187348047892,107.33333333333333,1.699673171197595,3.0,12.871214820072055,-0.05023966232935584,12.907234189100564
go2,Go2JoystickFlatTerrain-direction-expert-v1,2,h3,next_obs,48,member,0,ok,48,48,0,2.699336051940918,,0.786614716053009,0.2796145975589752,0.5620301986824492,0.8575006127357483,0.8766635656356812,0.40966796875,0.03217625292018056,6429.0,1525.0,2046.0,0.7905434171358744,0.0008471376931405176,0.28601689140001935,0.0011770450671524063,0.5915148923282522,0.002009940257570597,0.40380480885505676,0.000988549581044476,0.8826358417669932,0.8633817831675211,112.66666666666667,1.8856180831641267,3.0,13.612347394926473,0.00392870108286536,13.644532050937414
go2,Go2JoystickFlatTerrain-direction-expert-v1,2,h3,reward,1,member,0,ok,1,1,0,3.708669464685954e-05,9962.0,0.9126938581466675,0.001064626150764525,0.001778524105600118,0.9126938581466675,0.9126937985420227,1.3086018562316895,0.02022776403464377,6429.0,1525.0,2046.0,0.8892344832420349,0.003512817503193883,0.001245926561144491,1.1001961076619384e-05,0.002003019574172325,3.1743214740556755e-05,0.33277277151743573,0.005273669246428915,0.8892344832420349,0.88923446337382,53.666666666666664,6.649979114420002,3.0,5.320580655010417,-0.02345937490463257,5.340812116861343
go2,Go2JoystickFlatTerrain-direction-expert-v1,2,h3,obs_sanity,48,member,0,ok,48,48,0,2.7091972827911377,,0.9322454929351807,0.11604738235473633,0.22026109738326285,0.9590120613574982,0.9812723398208618,0.23603011667728424,0.0386075668502599,6429.0,1525.0,2046.0,0.9522736867268881,0.0003642390190313852,0.11673722416162491,0.0008433452038840296,0.24809584297175105,0.002606470162108445,0.2065997620423635,0.0006345657650149482,0.9569595356782278,0.9762373367945353,500.0,0.0,3.0,57.65476633794606,0.020028193791707394,57.6933828368783
go2,Go2JoystickFlatTerrain-direction-expert-v1,2,h3,xy_t_sanity,2,member,0,ok,2,2,0,0.359200656414032,,0.9126084446907043,0.10753297805786133,0.14225933937754584,0.9126084446907043,0.9415577054023743,0.28670305013656616,0.01824651495553553,6429.0,1525.0,2046.0,0.9613434871037801,0.0014882661854540367,0.07024667412042618,0.0018196681681585448,0.09959072596821357,0.0030232686702983584,0.19305389126141867,0.004198179800182166,0.9613434970378876,0.9713315566380819,235.66666666666666,64.45842760174102,3.0,22.382468297844753,0.0487350424130758,22.400722448015586
go2,Go2JoystickFlatTerrain-direction-expert-v1,2,h3,xy_tp1,2,member,0,ok,2,2,0,0.3597598671913147,,0.8866348266601562,0.12088262289762497,0.15677875222095838,0.8866348564624786,0.9291661977767944,0.32334667444229126,0.017852501943707466,6429.0,1525.0,2046.0,0.9245032469431559,0.0010168908312229614,0.10026209056377411,0.0014081370281541147,0.13158948385960864,0.002282699637511533,0.2660149137179057,0.0023654630339577007,0.9245032469431559,0.9500840902328491,99.33333333333333,10.656244908763854,3.0,9.490959091112018,0.03786842028299964,9.508818158879876
go2,Go2JoystickFlatTerrain-direction-expert-v1,2,h3,delta_xy,2,member,0,ok,2,2,0,0.007480118423700333,,0.4087180495262146,0.05536587908864021,0.06686932026059891,0.4087180495262146,0.4087561070919037,0.7689477205276489,0.017606761073693633,6429.0,1525.0,2046.0,0.34528342882792157,0.003274262967799745,0.05761926993727684,3.553240016557376e-05,0.07036910217836494,0.00017772968614205347,0.8091392119725546,0.0020234628733592306,0.34528342882792157,0.34524379173914593,41.333333333333336,0.4714045207910317,3.0,3.952826651977375,-0.06343462069829303,3.9704395791050047
go2,Go2JoystickFlatTerrain-direction-expert-v1,2,h3,info_command,3,member,0,ok,3,3,0,0.38030576705932617,,0.8479011654853821,0.1511583924293518,0.21675381791350304,0.8622729778289795,0.872501790523529,0.37397074699401855,0.01753052300773561,6429.0,1525.0,2046.0,0.9205304980278015,0.00102165769518687,0.10786580542723338,0.0016422373447196016,0.16302067341107154,0.00149125611683906,0.27665790915489197,0.0019746747092039348,0.930426836013794,0.9278738697369894,139.66666666666666,19.770910168449223,3.0,13.502554764971137,0.07262933254241943,13.520091928075999
go2,Go2JoystickFlatTerrain-direction-expert-v1,2,h3,info_pert_dir,0,member,0,skipped_constant_target,3,0,3,0.0,,,,,,,,,,,,,,,,,,,,,,,,,,,
go2,Go2JoystickFlatTerrain-direction-expert-v1,2,h3,info_pert_duration,1,member,0,ok,1,1,0,4.717994689941406,8.0,-0.04975736141204834,1.9051741361618042,2.1974323938448705,-0.04975736141204834,-0.04975736141204834,1.020247220993042,0.02030626987107098,6429.0,1525.0,2046.0,-0.07679017384847005,0.003343346226000682,1.9149624506632488,0.005594691213268881,2.225543509269836,0.0034564373224145106,1.0376838048299153,0.0016116246597885587,-0.07679017384847005,-0.07679017384847005,33.0,0.816496580927726,3.0,3.2579680560156703,-0.027032812436421708,3.2782795599196106
go2,Go2JoystickFlatTerrain-direction-expert-v1,2,h3,info_pert_duration_seconds,1,member,0,ok,1,1,0,0.001892288913950324,1002.0,-0.051094770431518555,0.03753752261400223,0.04361222047835454,-0.051094770431518555,-0.051094770431518555,1.0207942724227905,0.01981579908169806,6429.0,1525.0,2046.0,-0.07554392019907634,0.0013283557314314525,0.0377664640545845,0.00011149157749446769,0.04411652242372263,2.7239713677705408e-05,1.0370841026306152,0.0006403678930576833,-0.07554392019907634,-0.07554392019907634,33.333333333333336,0.4714045207910317,3.0,3.2876054369844496,-0.024449149767557785,3.3074248821940273
go2,Go2JoystickFlatTerrain-direction-expert-v1,2,h3,info_pert_mag,1,member,0,ok,1,1,0,0.7844262719154358,1002.0,-0.03844642639160156,0.7602067589759827,0.8862318811326555,-0.03844642639160156,-0.03844642639160156,1.0215266942977905,0.01959228003397584,6429.0,1525.0,2046.0,-0.0688999096552531,0.008843567125864434,0.7694137891133627,0.004390208344404391,0.8991251173446995,0.0037141209202894475,1.0338672796885173,0.004270748025331139,-0.0688999096552531,-0.0688999096552531,33.333333333333336,1.247219128924647,3.0,3.2896032638382167,-0.030453483263651535,3.3091996100265533
go2,Go2JoystickFlatTerrain-direction-expert-v1,2,h3,info_pert_steps,0,member,0,skipped_constant_target,1,0,1,0.0,1.0,,,,,,,,,,,,,,,,,,,,,,,,,,
go2,Go2JoystickFlatTerrain-direction-expert-v1,2,h3,info_steps_since_last_pert,0,member,0,skipped_constant_target,1,0,1,0.0,1.0,,,,,,,,,,,,,,,,,,,,,,,,,,
go2,Go2JoystickFlatTerrain-direction-expert-v1,2,h3,info_steps_until_next_cmd,1,member,0,ok,1,1,0,58306.84765625,1034.0,-0.02791011333465576,170.3929901123047,224.07761455297137,-0.02791011333465576,-0.02791011333465576,1.0217297077178955,0.020169519120827317,6429.0,1525.0,2046.0,-0.0711201826731364,0.01737282161271111,174.17581176757812,1.9704273669799255,228.7314092008637,1.850815469922762,1.034915526707967,0.008374191754880737,-0.0711201826731364,-0.07112018143137296,33.666666666666664,0.9428090415820634,3.0,3.331121205119416,-0.043210069338480636,3.351294829044491
go2,Go2JoystickFlatTerrain-direction-expert-v1,2,h3,info_steps_until_next_pert,1,member,0,ok,1,1,0,811.9083251953125,101.0,-0.03293144702911377,24.72059440612793,28.8292608600755,-0.03293144702911377,-0.03293144702911377,1.024357795715332,0.01998369791544974,6429.0,1525.0,2046.0,-0.07095928986867268,0.008923631096698007,25.0991153717041,0.14224956451326634,29.354889927571705,0.122332885770379,1.0348626772562664,0.004312639642404455,-0.07095928986867268,-0.07095928862690926,32.333333333333336,0.4714045207910317,3.0,3.196459813043475,-0.038027842839558915,3.216449297964573
go2,Go2JoystickFlatTerrain-direction-expert-v1,2,h3,info_feet_air_time,4,member,0,ok,4,4,0,33.107887268066406,,0.06310123205184937,4.714469909667969,5.51936796882293,0.06310123205184937,0.06310123205184937,0.96793532371521,0.01764546800404787,6429.0,1525.0,2046.0,0.035379057129224144,0.004941188650706513,4.775747934977214,0.009938292850006417,5.600411589232543,0.014354826936091919,0.9821392297744751,0.0025109187843266306,0.03680617610613505,0.035379057129224144,37.0,0.0,3.0,3.555352663854137,-0.02772217492262522,3.573002419900149
go2,Go2JoystickFlatTerrain-direction-expert-v1,2,h3,info_swing_peak,4,member,0,ok,4,4,0,0.00012497117859311402,,0.04066447913646698,0.005971379578113556,0.012211037216905108,0.04060778021812439,0.03918992355465889,0.9793695211410522,0.01740450388751924,6429.0,1525.0,2046.0,0.044428581992785134,0.013860139120031591,0.0060047185979783535,4.663043755214883e-05,0.01218777883825413,8.919507786709815e-05,0.977456251780192,0.007095029925030091,0.041078666845957436,0.042795264472564064,40.333333333333336,2.0548046676563256,3.0,3.8707822139840573,0.0037641028563181536,3.888190805912018
go2,Go2JoystickFlatTerrain-direction-expert-v1,2,h3,info_last_act,12,member,0,ok,12,12,0,0.256706565618515,,0.9306721091270447,0.06940843164920807,0.09273254597602809,0.9284924864768982,0.9664474725723267,0.24594765901565552,0.03447893401607871,6429.0,1525.0,2046.0,0.9489682118097941,0.0009385846195088377,0.05949592341979345,0.00032199351222673376,0.08211267337167251,0.0007225715677186349,0.2133130133152008,0.0018518384344221091,0.9474881986776987,0.9736903111139933,223.33333333333334,19.014614262602215,3.0,22.072789449011907,0.018296102682749393,22.107282126089558
go2,Go2JoystickFlatTerrain-direction-expert-v1,2,h3,info_last_last_act,12,member,0,ok,12,12,0,0.25524094700813293,,0.9133515357971191,0.07749588042497635,0.10390268692561698,0.9128996431827545,0.9577824473381042,0.27520450949668884,0.029602308990433812,6429.0,1525.0,2046.0,0.9144728978474935,0.0002830117007761288,0.0792624702056249,0.00046290810986358036,0.10698853828681527,0.0006284425874339344,0.27691219250361127,0.0007853723911448257,0.9112307031949362,0.9552358786265055,91.0,1.632993161855452,3.0,9.142455389956012,0.001121362050374386,9.172072843881324
go2,Go2JoystickFlatTerrain-direction-expert-v1,2,h4,delta_obs,48,member,0,ok,48,48,0,2.437718629837036,,0.7145774364471436,0.23867686092853546,0.5091215134821364,0.8040648996829987,0.8904414176940918,0.4868510663509369,0.03210951015353203,6429.0,1525.0,2046.0,0.6590725978215536,0.001237247145840157,0.2785163422425588,0.001300385510994652,0.6156899715648806,0.0030272944590692703,0.5464616219202677,0.0009432498021607693,0.7454493045806885,0.8397720257441202,101.33333333333333,1.699673171197595,3.0,12.046509226085618,-0.05550483862558997,12.078627538168803
go2,Go2JoystickFlatTerrain-direction-expert-v1,2,h4,next_obs,48,member,0,ok,48,48,0,2.699336051940918,,0.7532884478569031,0.28179144859313965,0.5457578966073597,0.8227769732475281,0.8837019801139832,0.44793805480003357,0.03431496815755963,6429.0,1525.0,2046.0,0.7711790005366007,0.0009842211096306478,0.2910313407580058,0.00030165489321457473,0.596011556870256,0.0005630980490896096,0.4282126724720001,0.0006191875985182419,0.854559580485026,0.8612982432047526,113.66666666666667,5.312459150169742,3.0,13.737574161030352,0.017890552679697636,13.771895715035498
go2,Go2JoystickFlatTerrain-direction-expert-v1,2,h4,reward,1,member,0,ok,1,1,0,3.708669464685954e-05,9962.0,0.9275285005569458,0.0008842961397022009,0.0016203955212973887,0.9275285005569458,0.9275285005569458,1.30427885055542,0.02028577891178429,6429.0,1525.0,2046.0,0.8939000368118286,0.0011867386061330202,0.0012279682559892535,8.844070784010501e-06,0.0019605966863915406,1.09590911471943e-05,0.32572482029596966,0.0018206903895811464,0.8939000368118286,0.8939000368118286,54.666666666666664,12.256517540566824,3.0,5.426567781949416,-0.03362846374511719,5.4468593299388885
go2,Go2JoystickFlatTerrain-direction-expert-v1,2,h4,obs_sanity,48,member,0,ok,48,48,0,2.7091972827911377,,0.8982024192810059,0.1250288039445877,0.2219907535907403,0.9390628933906555,0.9809769988059998,0.2835245430469513,0.034424524987116456,6429.0,1525.0,2046.0,0.9250532587369283,0.0006243922609066659,0.14102970560391745,0.0011769123125739823,0.29099781511474676,0.0029987000896360685,0.25767476360003155,0.00125224938539824,0.941167285044988,0.9673086206118265,433.3333333333333,52.75309364282713,3.0,50.609473711112514,0.02685083945592248,50.64690787601285
go2,Go2JoystickFlatTerrain-direction-expert-v1,2,h4,xy_t_sanity,2,member,0,ok,2,2,0,0.359200656414032,,0.86800217628479,0.12800447642803192,0.17068085034120492,0.86800217628479,0.9158729910850525,0.3499530553817749,0.017746994039043784,6429.0,1525.0,2046.0,0.951126217842102,0.0011504278431798444,0.07808563858270645,0.0013796307830134073,0.11057752070455103,0.0021981868957157502,0.2164835979541143,0.0029422554941082703,0.9511262079079946,0.9646758834520975,260.0,60.42074698865172,3.0,24.781611748971045,0.08312404155731201,24.799362872028723
go2,Go2JoystickFlatTerrain-direction-expert-v1,2,h4,xy_tp1,2,member,0,ok,2,2,0,0.3597598671913147,,0.8402118682861328,0.14104950428009033,0.18337293291129517,0.8402118682861328,0.9030971527099609,0.38208866119384766,0.017288367031142116,6429.0,1525.0,2046.0,0.9137913783391317,0.002121467781163715,0.10740338265895844,0.0023221799378691454,0.1431926397338034,0.0033253184237861813,0.2856537898381551,0.004299064301309102,0.9137913684050242,0.9408790270487467,82.33333333333333,15.58489297008128,3.0,7.884637305978686,0.0735795100529989,7.90193054289557
go2,Go2JoystickFlatTerrain-direction-expert-v1,2,h4,delta_xy,2,member,0,ok,2,2,0,0.007480118423700333,,0.42005932331085205,0.054981082677841187,0.06622236049205553,0.42005932331085205,0.420141339302063,0.7615339756011963,0.01733391685411334,6429.0,1525.0,2046.0,0.32794902722040814,0.0025293732900085984,0.058272664745648704,0.0001924875414702356,0.07129830189551682,0.00013623941402876935,0.8197642763455709,0.0015480503105086913,0.32794902722040814,0.32783981164296466,41.666666666666664,0.9428090415820634,3.0,3.9932398591190577,-0.09211029609044391,4.010579742025584
go2,Go2JoystickFlatTerrain-direction-expert-v1,2,h4,info_command,3,member,0,ok,3,3,0,0.38030576705932617,,0.7571151852607727,0.19035661220550537,0.27070765911229905,0.781402051448822,0.8011289834976196,0.466882586479187,0.017314791912212968,6429.0,1525.0,2046.0,0.8776705265045166,0.004061573940218166,0.13175764679908752,0.0019502386309080545,0.19887995055146188,0.0035666325570685776,0.33694417277971905,0.004864147475900121,0.9008173942565918,0.8926277160644531,129.66666666666666,28.522895287041873,3.0,12.498880286933854,0.1205553412437439,12.516199091915041
go2,Go2JoystickFlatTerrain-direction-expert-v1,2,h4,info_pert_dir,0,member,0,skipped_constant_target,3,0,3,0.0,,,,,,,,,,,,,,,,,,,,,,,,,,,
go2,Go2JoystickFlatTerrain-direction-expert-v1,2,h4,info_pert_duration,1,member,0,ok,1,1,0,4.717994689941406,8.0,-0.05820286273956299,1.9112077951431274,2.2062541842758656,-0.05820286273956299,-0.05820286273956299,1.020043134689331,0.019813260063529015,6429.0,1525.0,2046.0,-0.07574395338694255,0.010903803128500847,1.9124738375345867,0.01726569398338724,2.2244361398429846,0.011276518987594178,1.0371674696604412,0.005257805558031247,-0.07574395338694255,-0.07574395214517911,32.333333333333336,1.247219128924647,3.0,3.230309199076146,-0.017541090647379562,3.2501264561433345
go2,Go2JoystickFlatTerrain-direction-expert-v1,2,h4,info_pert_duration_seconds,1,member,0,ok,1,1,0,0.001892288913950324,1002.0,-0.05968427658081055,0.03768469765782356,0.04379005822760429,-0.05968427658081055,-0.05968427658081055,1.0210577249526978,0.01964409719221294,6429.0,1525.0,2046.0,-0.08189936478932698,0.010724026990904403,0.037845091273387275,0.0003406107252166228,0.044246137564067145,0.00021918083654371212,1.0401311318079631,0.005152415876665396,-0.08189936478932698,-0.08189936478932698,31.666666666666668,0.4714045207910317,3.0,3.1276264030020684,-0.022215088208516434,3.147274282062426
go2,Go2JoystickFlatTerrain-direction-expert-v1,2,h4,info_pert_mag,1,member,0,ok,1,1,0,0.7844262719154358,1002.0,-0.0368809700012207,0.7583414912223816,0.8855636399898693,-0.0368809700012207,-0.0368809700012207,1.0222315788269043,0.0196924249175936,6429.0,1525.0,2046.0,-0.07535417874654134,0.008958177229374318,0.7701169649759928,0.0020191560189415547,0.9018354602088675,0.0037596338452257085,1.036983807881673,0.004323080375743858,-0.07535417874654134,-0.07535417874654134,33.666666666666664,0.4714045207910317,3.0,3.3274375970941037,-0.03847320874532063,3.347133706090972
go2,Go2JoystickFlatTerrain-direction-expert-v1,2,h4,info_pert_steps,0,member,0,skipped_constant_target,1,0,1,0.0,1.0,,,,,,,,,,,,,,,,,,,,,,,,,,
go2,Go2JoystickFlatTerrain-direction-expert-v1,2,h4,info_steps_since_last_pert,0,member,0,skipped_constant_target,1,0,1,0.0,1.0,,,,,,,,,,,,,,,,,,,,,,,,,,
go2,Go2JoystickFlatTerrain-direction-expert-v1,2,h4,info_steps_until_next_cmd,1,member,0,ok,1,1,0,58306.84765625,1034.0,-0.029039740562438965,170.1534423828125,224.20069831514797,-0.029039740562438965,-0.029039740562438965,1.0192209482192993,0.0198288899846375,6429.0,1525.0,2046.0,-0.06074007352193197,0.01370351579088922,173.78072102864584,3.2063611362103055,227.62308703417716,1.4732118646269858,1.0299008289972942,0.006665668372096578,-0.06074007352193197,-0.06074007352193197,33.0,0.816496580927726,3.0,3.2624063009861857,-0.031700332959493004,3.2822392678353935
go2,Go2JoystickFlatTerrain-direction-expert-v1,2,h4,info_steps_until_next_pert,1,member,0,ok,1,1,0,811.9083251953125,101.0,-0.03664064407348633,24.760860443115234,28.88097712757915,-0.03664064407348633,-0.03664064407348633,1.0242985486984253,0.019807337084785104,6429.0,1525.0,2046.0,-0.06275177001953125,0.002328501124761794,24.88079325358073,0.022513807726950313,29.242426675863943,0.03203966782634964,1.0308979749679565,0.0011295016753254297,-0.06275177001953125,-0.06275177001953125,34.333333333333336,0.4714045207910317,3.0,3.398985852021724,-0.026111125946044922,3.4187971889041364
go2,Go2JoystickFlatTerrain-direction-expert-v1,2,h4,info_feet_air_time,4,member,0,ok,4,4,0,33.107887268066406,,0.06742358207702637,4.700328350067139,5.5066216229743254,0.06742358207702637,0.06742358207702637,0.9656999707221985,0.017591346986591816,6429.0,1525.0,2046.0,0.03128087023893992,0.00660474212582963,4.788746515909831,0.028278129696043923,5.612281468011401,0.019110610498650357,0.984223465124766,0.0033536170370068205,0.029992669820785522,0.03128087023893992,37.333333333333336,0.9428090415820634,3.0,3.5962725079152733,-0.03614271183808645,3.61386885587126
go2,Go2JoystickFlatTerrain-direction-expert-v1,2,h4,info_swing_peak,4,member,0,ok,4,4,0,0.00012497117859311402,,0.03668978810310364,0.0060048783197999,0.012235119809263647,0.035901039838790894,0.035396382212638855,0.9814170598983765,0.017891817027702928,6429.0,1525.0,2046.0,0.044941271344820656,0.006865964604261652,0.005997494173546632,6.0258767115777704e-05,0.012179458946146901,4.950398282148303e-05,0.9771689971288046,0.0034955298729964102,0.04684026042620341,0.044137097895145416,45.333333333333336,12.498888839501783,3.0,4.351520574884489,0.008251483241717018,4.369419947033748
go2,Go2JoystickFlatTerrain-direction-expert-v1,2,h4,info_last_act,12,member,0,ok,12,12,0,0.256706565618515,,0.8975123763084412,0.08324606716632843,0.11130797889862289,0.9066653549671173,0.9516592025756836,0.2964424192905426,0.03507715812884271,6429.0,1525.0,2046.0,0.9282041589419047,0.0010401953343563625,0.07036463171243668,9.91010826690046e-05,0.09700102326174519,0.00018401547985247684,0.25260667006174725,0.0012127200453624608,0.9274211426575979,0.9632873932520548,180.66666666666666,16.937794687883336,3.0,17.933689333032817,0.030691782633463505,17.96878439700231
go2,Go2JoystickFlatTerrain-direction-expert-v1,2,h4,info_last_last_act,12,member,0,ok,12,12,0,0.25524094700813293,,0.8815765976905823,0.08876990526914597,0.11915702785079983,0.89353346824646,0.9444760680198669,0.3181454837322235,0.03431189898401499,6429.0,1525.0,2046.0,0.8987194299697876,0.000631510344094111,0.08538244664669037,9.782982538167352e-05,0.11554931730627317,8.055485349585825e-05,0.3004089593887329,0.000674978431796146,0.8974039554595947,0.9477873047192892,99.33333333333333,1.8856180831641267,3.0,9.948941100155935,0.017142832279205322,9.983266619034111
